Product Name,Price,Ratings,Reviews,Link
"ASUS VivoBook 15 Thin and Light Laptop, 15.6” FHD Display, Intel i3-1005G1 CPU, 8GB RAM, 128GB SSD, Backlit Keyboard, Fingerprint, Windows 10 Home in S Mode, Slate Gray, F512JA-AS34",$399.99,4.3 out of 5 stars,466,https://www.amazon.com/ASUS-VivoBook-i3-1005G1-Fingerprint-F512JA-AS34/dp/B0869L1326/ref=sr_1_4?dchild=1&keywords=laptops&qid=1592511873&sr=8-4
"Lenovo IdeaPad 3 14"" Laptop, 14.0"" FHD (1920 x 1080) Display, AMD Ryzen 5 3500U Processor, 8GB DDR4 RAM, 256GB SSD, AMD Radeon Vega 8 Graphics, Narrow Bezel, Windows 10, 81W0003QUS, Abyss Blue",$449.99,3.5 out of 5 stars,31,https://www.amazon.com/Lenovo-IdeaPad-Processor-Graphics-81W0003QUS/dp/B0862269YP/ref=sr_1_8?dchild=1&keywords=laptops&qid=1592511873&sr=8-8
"Acer Aspire 5 Slim Laptop, 15.6 inches Full HD IPS Display, AMD Ryzen 3 3200U, Vega 3 Graphics, 4GB DDR4, 128GB SSD, Backlit Keyboard, Windows 10 in S Mode, A515-43-R19L,Silver",$0,4.4 out of 5 stars,"5,593",https://www.amazon.com/Acer-Display-Graphics-Keyboard-A515-43-R19L/dp/B07RF1XD36/ref=sr_1_3?dchild=1&keywords=laptops&qid=1592511873&sr=8-3
"Acer Aspire 5 Slim Laptop, 15.6"" Full HD IPS Display, 10th Gen Intel Core i5-10210U, 8GB DDR4, 256GB PCIe NVMe SSD, Intel Wi-Fi 6 AX201 802.11ax, Fingerprint Reader, Backlit KB, A515-54-59W2, Silver",$579.99,4.4 out of 5 stars,Sponsored,https://www.amazon.com/gp/slredirect/picassoRedirect.html/ref=pa_sp_mtf_aps_sr_pg1_2?ie=UTF8&adId=A08569821CI3VWID1XV0S&url=%2FAcer-i5-10210U-802-11ax-Fingerprint-A515-54-59W2%2Fdp%2FB07XPLKZ5P%2Fref%3Dsr_1_12_sspa%3Fdchild%3D1%26keywords%3Dlaptops%26qid%3D1592511873%26sr%3D8-12-spons%26psc%3D1&qualifier=1592511873&id=6715697206746417&widgetName=sp_mtf
"New ! Dell Inspiron i3583 15.6"" HD Touch-Screen Laptop - Intel i3-8145U - 8GB DDR4-128GB SSD - Windows 10 - Wireless-AC - Bluetooth - SD Card Reader - HDMI & USB 3.1 -Waves MaxxAudio Pro- Black",$0,4.2 out of 5 stars,135,https://www.amazon.com/Dell-Inspiron-i3583-Touch-Screen-Laptop/dp/B08173ZTJX/ref=sr_1_6?dchild=1&keywords=laptops&qid=1592511873&sr=8-6
"2020 HP 14“ Laptop (AMD A9-9425 up to 3.7 GHz, 4GB DDR4 RAM, 128GB SSD, AMD Radeon R5 Graphic, Wi-Fi, Bluetooth, HDMI, Windows 10 Home)",$415.00,4.1 out of 5 stars,70,https://www.amazon.com/HP-A9-9425-Graphic-Bluetooth-Windows/dp/B084HLTZSG/ref=sr_1_7?dchild=1&keywords=laptops&qid=1592511873&sr=8-7
"HP 15-inch FHD Laptop, 10th Gen Intel Core i5-1035G1, 8 GB RAM, 256 GB Solid-State Drive, Windows 10 Home (15-dy1036nr, Natural Silver)",$668.00,4.2 out of 5 stars,38,https://www.amazon.com/HP-15-inch-i5-1035G1-Solid-State-15-dy1036nr/dp/B085B5SXLY/ref=sr_1_9?dchild=1&keywords=laptops&qid=1592511873&sr=8-9
"2020 HP 15 15.6"" HD Touchscreen Premium Laptop - 10th Gen Intel Core i5-1035G1, 16GB DDR4, 512GB SSD, USB Type-C, HDMI, Windows 10 - Silver W",$719.99,4.2 out of 5 stars,327,https://www.amazon.com/2020-HP-Touchscreen-Premium-Laptop/dp/B081SM57RY/ref=sr_1_10?dchild=1&keywords=laptops&qid=1592511873&sr=8-10
"Lenovo Chromebook Flex 5 13"" Laptop, FHD (1920 x 1080) Touch Display, Intel Core i3-10110U Processor, 4GB DDR4 OnBoard RAM, 64GB SSD, Intel Integrated Graphics, Chrome OS, 82B80006UX, Graphite Grey",$409.99,4.6 out of 5 stars,Sponsored,https://www.amazon.com/gp/slredirect/picassoRedirect.html/ref=pa_sp_mtf_aps_sr_pg1_1?ie=UTF8&adId=A0222120CE6KVIPXXDFK&url=%2FLenovo-Chromebook-i3-10110U-Integrated-82B80006UX%2Fdp%2FB086383HC7%2Fref%3Dsr_1_11_sspa%3Fdchild%3D1%26keywords%3Dlaptops%26qid%3D1592511873%26sr%3D8-11-spons%26psc%3D1&qualifier=1592511873&id=6715697206746417&widgetName=sp_mtf
"HP 14"" Touchscreen Home and Business Laptop Ryzen 3-3200U, 8GB RAM, 128GB M.2 SSD, Dual-Core up to 3.50 GHz, Vega 3 Graphics, RJ-45, USB-C, 4K Output HDMI, Bluetooth, Webcam, 1366x768, Win 10",$473.00,4.3 out of 5 stars,195,https://www.amazon.com/HP-Touchscreen-Business-Dual-Core-Bluetooth/dp/B081D9HJ4P/ref=sr_1_13?dchild=1&keywords=laptops&qid=1592511873&sr=8-13
"2020 HP 17.3"" Laptop Computer/ 8th Gen Intel Quad-Core i5-8265U Up to 3.9GHz/ 8GB DDR4 RAM/ 256GB PCIe SSD/ DVD/ Bluetooth 4.2/ USB 3.1/ HDMI/ Windows 10 Home/ Black",$591.99,4.1 out of 5 stars,37,https://www.amazon.com/HP-Computer-Quad-Core-i5-8265U-Bluetooth/dp/B081JC228Y/ref=sr_1_14?dchild=1&keywords=laptops&qid=1592511873&sr=8-14
"Dell Latitude E7470 14in Laptop, Core i5-6300U 2.4GHz, 8GB Ram, 256GB SSD, Windows 10 Pro 64bit (Renewed)",$382.40,4.4 out of 5 stars,82,https://www.amazon.com/Dell-Latitude-i5-6300U-Certified-Refurbished/dp/B07GCRHS5V/ref=sr_1_15?dchild=1&keywords=laptops&qid=1592511873&sr=8-15
"HP Stream 14-inch Laptop, Intel Celeron N4000, 4 GB RAM, 64 GB eMMC, Windows 10 Home in S Mode with Office 365 Personal for 1 Year (14-cb188nr, Rose Pink)",$0,5.0 out of 5 stars,4,https://www.amazon.com/HP-14-inch-Celeron-Personal-14-cb188nr/dp/B084SCJY1J/ref=sr_1_16?dchild=1&keywords=laptops&qid=1592511873&sr=8-16
"HP  Laptop 14"", Ryzen 3 3200U Up to 3.5 GHz, AMD Radeon Vega 3 Graphics, 4GB SDRAM,128GB SSD, WiFi, Webcam, Bluetooth, Win10 S (Renewed)",$324.99,3.9 out of 5 stars,939,https://www.amazon.com/HP-Laptop-Graphics-Bluetooth-Renewed/dp/B085J2BGTD/ref=sr_1_17?dchild=1&keywords=laptops&qid=1592511873&sr=8-17
"(Renewed) Acer Flagship CB3-532 15.6 inches HD Premium Chromebook - Intel Dual-Core Celeron N3060 up to 2.48GH.z, 2GB RAM, 16GB SSD, Wireless AC, HDMI, USB 3.0, Webcam, Chrome OS",$159.99,4.2 out of 5 stars,"2,580",https://www.amazon.com/Acer-Flagship-CB3-532-Premium-Chromebook/dp/B06XD3LXXK/ref=sr_1_18?dchild=1&keywords=laptops&qid=1592511873&sr=8-18
"Acer Predator Helios 300 Gaming Laptop, Intel Core i7-9750H, GeForce GTX 1660 Ti, 15.6"" Full HD 144Hz Display, 3ms Response Time, 16GB DDR4, 512GB PCIe NVMe SSD, RGB Backlit Keyboard, PH315-52-710B","$1,129.99",4.3 out of 5 stars,127,https://www.amazon.com/Acer-Predator-i7-9750H-Response-PH315-52-710B/dp/B07YM938TP/ref=sr_1_19?dchild=1&keywords=laptops&qid=1592511873&sr=8-19
"2020 HP 15.6"" HD Touchscreen Premium Home & Business Laptop, 10th Gen Intel Quad-Core i5-1035G1 Upto 3.6GHz, 8GB RAM, 512GB SSD, WiFi, HDMI, Bluetooth, Card Reader, Windows 10",$651.99,4.5 out of 5 stars,32,https://www.amazon.com/HP-Touchscreen-Quad-Core-i5-1035G1-Bluetooth/dp/B082FMVN3X/ref=sr_1_20?dchild=1&keywords=laptops&qid=1592511873&sr=8-20
"ASUS Chromebook Flip C436 2-in-1 Laptop, 14"" Touchscreen FHD 4-Way NanoEdge, Intel Core i5-10210U, 512GB PCIe SSD, Fingerprint, Backlit KB, Wi-Fi 6, Chrome OS, Magnesium-Alloy, White, C436FA-DS599T-W",$999.99,4.1 out of 5 stars,Sponsored,https://www.amazon.com/gp/slredirect/picassoRedirect.html/ref=pa_sp_btf_aps_sr_pg1_1?ie=UTF8&adId=A0221784BC2WN6VQDSWU&url=%2FASUS-Touchscreen-Fingerprint-Magnesium-Alloy-C436FA-DS599T-W%2Fdp%2FB083Z8K6D8%2Fref%3Dsr_1_21_sspa%3Fdchild%3D1%26keywords%3Dlaptops%26qid%3D1592511873%26sr%3D8-21-spons%26psc%3D1&qualifier=1592511873&id=6715697206746417&widgetName=sp_btf
"ASUS ZenBook 15 Laptop, 15.6” UHD 4K NanoEdge Display, Intel Core i7-10510U, GeForce GTX 1650, 16GB, 512GB PCIe SSD, ScreenPad 2.0, Amazon Alexa Compatible, Windows 10, Icicle Silver, UX534FTC-AS77","$1,199.99",4.2 out of 5 stars,Sponsored,https://www.amazon.com/gp/slredirect/picassoRedirect.html/ref=pa_sp_btf_aps_sr_pg1_2?ie=UTF8&adId=A02214402P75R530RD419&url=%2FASUS-i7-10510U-ScreenPad-Compatible-UX534FTC-AS77%2Fdp%2FB0869JVMLY%2Fref%3Dsr_1_22_sspa%3Fdchild%3D1%26keywords%3Dlaptops%26qid%3D1592511873%26sr%3D8-22-spons%26psc%3D1&qualifier=1592511873&id=6715697206746417&widgetName=sp_btf
